Company,# ,Annual Revenue,Total Funding,Round,Latest Funding,Date Raised
Rhithm,47,2000000.00,4000000.00,Seed,4000000,25/05/2021
ENACT Systems Inc.,40,3100000.00,1025000.00,Seed,1000000,01/05/2015
SIXGEN,68,5000000.00,500000.00,Seed,500000,01/09/2017
Grassroots Unwired,6,3010000.00,160000.00,Seed,100000,16/07/2014
Ryvit,38,1500000.00,3500000.00,Seed,3500000,22/10/2019
Revelator Ltd.,31,4200000.00,3650000.00,Seed,2500000,29/08/2016
Wise Athena,39,2000000.00,21110000.00,Seed,450000,01/04/2018
back4app,12,2400000.00,770000.00,Seed,770000,01/06/2017
PipeCandy,83,1000000.00,1093223.00,Seed,1093223,08/03/2017
Lootcakes,11,1200000.00,2000000.00,Seed,2000000,20/08/2020
Zuppler,59,2000000.00,1025000.00,Seed,300000,18/07/2016
Azameo,16,4869000.00,684646.00,Seed,684646,01/06/2014
Asseta,5,5000000.00,1535000.00,Seed,1000000,16/03/2015
Lexigram,4,1000000.00,2000000.00,Seed,2000000,30/11/2016
Flipcause,43,4700000.00,2828000.00,Seed,2828000,15/10/2018
WhenThen,30,1100000.00,6000000.00,Seed,6000000,21/07/2021
Flow Club,7,4420000.00,,Seed,,01/12/2011
Cloud Dentistry,120,4000000.00,755000.00,Seed,755000,08/01/2019
Cloud Dentistry,120,4000000.00,755000.00,Seed,755000,08/01/2019
"FaceTec, Inc.",35,3300000.00,5000000.00,Seed,5000000,01/06/2013
Supreme Golf,24,1245000.00,7787500.00,Seed,6000000,08/05/2018
TheUberCloud,32,2500000.00,1700000.00,Seed,1700000,27/01/2017
DMscore,9,2400000.00,2500000.00,Seed,2500000,07/10/2016
"NetBeez, Inc.",13,2000000.00,1365000.00,Seed,500000,16/11/2016
Zeplin,140,4387000.00,1320000.00,Seed,1200000,24/11/2015
SpotDraft,130,1000000.00,2050000.00,Seed,1500000,21/02/2019
"Digible, Inc",51,1000000.00,250000.00,Seed,250000,10/04/2018
GitStart | For companies (YC S19),32,1800000.00,5150000.00,Seed,5000000,01/05/2022
"Brinkbit, Inc.",2,3963000.00,125000.00,Seed,125000,01/12/2015
HASH,22,1000000.00,2500000.00,Seed,2500000,01/06/2020
jobZology®,5,3363000.00,1050000.00,Seed,750000,07/03/2017
Botanalytics,4,1300000.00,693159.00,Seed,301756,28/05/2017
Breaking Media,78,2560000.00,2999965.00,Seed,1500000,10/04/2015
CarServ,23,2000000.00,1000000.00,Seed,1000000,26/09/2018
Indicio,40,1000000.00,3500000.00,Seed,3500000,01/01/2022
Brew,33,2200000.00,12000000.00,Seed,12000000,01/03/2022
Protequus®,3,1400000.00,3300000.00,Seed,2250000,07/11/2016
Elastisys,39,4500000.00,679613.00,Seed,679613,22/02/2017
"App47, Inc.",2,2000000.00,1750000.00,Seed,1750000,01/01/2011
"WorkRails, Inc.",22,2000000.00,2300000.00,Seed,2300000,10/10/2016
Bainbridge Health,12,2000000.00,4150000.00,Seed,1600000,15/06/2018
Indicio,40,1000000.00,3500000.00,Seed,3500000,01/01/2022
"Patient Pattern, Inc",24,2400000.00,4090000.00,Seed,2000000,01/03/2022
Included,13,1200000.00,12049998.00,Seed,3500000,01/05/2022
Etleap,13,5000000.00,3123599.00,Seed,1500000,24/04/2018
Retrium,21,2100000.00,2600000.00,Seed,1600000,30/05/2019
OrangeGrid - Empowering People in Process,31,3500000.00,500000.00,Seed,500000,01/09/2014
Hatcher+,37,2000000.00,9000000.00,Seed,5500000,01/10/2019
Nomad Go,9,1500000.00,2732863.00,Seed,2732863,12/09/2019
Kloudio,18,2500000.00,4000000.00,Seed,4000000,30/01/2020
Sellr,5,1000000.00,998198.00,Seed,998198,15/11/2018
Kloudio,18,2500000.00,4000000.00,Seed,4000000,30/01/2020
Jetpack Workflow,16,5000000.00,1550000.00,Seed,50000,01/07/2020
Bitext,18,1766000.00,900000.00,Seed,900000,02/02/2015
"Clearview Social, Inc.",17,1700000.00,2028004.00,Seed,230004,18/01/2016
BTP,25,1800000.00,2767974.00,Seed,2767974,15/07/2021
OrangeGrid - Empowering People in Process,31,3500000.00,500000.00,Seed,500000,01/09/2014
ChannelMeter,11,1300000.00,4000000.00,Seed,4000000,07/07/2020
TablelistPro,2,1000000.00,95000.00,Seed,95000,01/12/2012
HoneyComb,5,4420000.00,415870.00,Seed,290870,07/10/2014
Transmute,19,3000000.00,4408642.00,Seed,2040000,21/10/2020
"Givsum, Inc.",19,2790000.00,2512292.00,Seed,2000000,01/11/2021
Be-novative,7,1258000.00,1200000.00,Seed,1200000,30/05/2016
Altoura,40,2900000.00,1100000.00,Seed,1100000,06/09/2019
Foundersuite.com,7,3000000.00,935000.00,Seed,935000,01/10/2015
Ecomedes,18,4000000.00,5950000.00,Seed,3250000,04/03/2021
Helm - Own your data,3,2000000.00,4000000.00,Seed,4000000,23/02/2017
Roomeze,9,3200000.00,2000000.00,Seed,2000000,22/05/2018
Givebutter,52,4200000.00,7000000.00,Seed,7000000,01/06/2022
Proof Analytics,31,2000000.00,4400000.00,Seed,2400000,19/01/2017
Mashvisor,39,1150000.00,400000.00,Seed,250000,01/12/2018
Gradle Inc.,130,4495000.00,4200000.00,Seed,4200000,10/12/2015
Blue Sentry Cloud,59,2595000.00,300000.00,Seed,300000,31/05/2016
Hiatus,26,4200000.00,1200000.00,Seed,1200000,23/02/2017
Cohley,60,5000000.00,6500000.00,Seed,5000000,15/07/2021
Activity Stream,53,1400000.00,2100000.00,Seed,2100000,03/12/2015
Dyspatch,36,3000000.00,13300000.00,Seed,6000000,01/01/2022
Dealflicks,6,2000000.00,6408571.00,Seed,2900000,27/10/2015
Digital Mortar,6,2400000.00,150000.00,Seed,150000,08/02/2017
PipeCandy,83,1000000.00,1093223.00,Seed,1093223,08/03/2017
Exchangelodge,15,2000000.00,200000.00,Seed,200000,01/11/2016
Industry,620,5000000.00,2300000.00,Seed,2300000,24/10/2016
Slidebean,41,2200000.00,1897500.00,Seed,447500,20/07/2017
Relativity6,41,2000000.00,6325000.00,Seed,5250000,01/02/2022
GovInvest,33,2000000.00,2172242.00,Seed,2172242,13/01/2017
Quasar AI,8,2500000.00,3500000.00,Seed,2500000,01/02/2018
WittyParrot,55,4420000.00,1444000.00,Seed,444000,09/12/2016
PTO Exchange,59,4300000.00,8400000.00,Seed,5400000,01/03/2022
CustomerSuccessBox,22,1000000.00,1000000.00,Seed,1000000,19/03/2018
Saikou Optics Inc,3,1483000.00,837460.00,Seed,343090,04/05/2016
Admiral: The Visitor Relationship Management Company,30,4000000.00,5100000.00,Seed,2600000,23/03/2019
Smartria®,23,2100000.00,375000.00,Seed,100000,15/09/2017
Localwise,6,4100000.00,1250000.00,Seed,1000000,31/08/2018
UpLink,22,1000000.00,3000000.00,Seed,3000000,10/12/2019
RecordGram Inc.,7,2400000.00,1000000.00,Seed,1000000,12/06/2017
Undock,20,2000000.00,1700000.00,Seed,1600000,01/11/2020
CloudForecast,5,1000000.00,180000.00,Seed,180000,01/06/2021
Slab,40,1050000.00,2200000.00,Seed,2200000,06/02/2018
Taloflow (YC W21),7,1000000.00,3994380.00,Seed,1489380,01/03/2021
Mat3ra.com,7,2000000.00,350000.00,Seed,350000,29/08/2017
SIXGEN,68,5000000.00,500000.00,Seed,500000,01/09/2017
Arthur,50,1000000.00,2500000.00,Seed,2500000,09/12/2020
Caretaker,64,1722000.00,3400000.00,Seed,2200000,27/06/2017
Downstream,25,1000000.00,1500000.00,Seed,1500000,01/01/2018
"Yet Analytics, Inc.",20,2500000.00,2300000.00,Seed,1000000,11/01/2017
Relativity6,41,2000000.00,6325000.00,Seed,5250000,01/02/2022
Causes.com,21,4420000.00,13617345.00,Seed,4617345,01/03/2017
SportsRecruits,53,2000000.00,1750000.00,Seed,1250000,01/03/2015
APOZY,28,1400000.00,2200000.00,Seed,2200000,14/02/2019
RealKey,8,3200000.00,5865000.00,Seed,3400000,01/10/2021
Allstacks,39,2200000.00,8820000.00,Seed,4000000,01/07/2021
CollegePads.com,14,1200000.00,1450000.00,Seed,1000000,16/09/2016
Flipcause,43,4700000.00,2828000.00,Seed,2828000,15/10/2018
3TEN8 – Voted #1 AI Startup by Mobile Operators & Investors,4,1000000.00,3925030.00,Seed,2000000,01/12/2017
Marigold Health,34,2100000.00,7220000.00,Seed,6000000,01/01/2022
VUGO,9,2000000.00,200000.00,Seed,200000,12/06/2015
Retrium,21,2100000.00,2600000.00,Seed,1600000,30/05/2019
GoodSeeker.io,8,2400000.00,1300000.00,Seed,1300000,09/02/2018
Range,31,1200000.00,10785000.00,Seed,6000000,13/02/2020
SportsRecruits,53,2000000.00,1750000.00,Seed,1250000,01/03/2015
IronCore Labs,11,3000000.00,3700000.00,Seed,1500000,28/06/2018
Intentionet,15,4700000.00,3000000.00,Seed,3000000,19/05/2017
PatientWing,16,2400000.00,300000.00,Seed,150000,22/03/2017
Fishbowl,99,3000000.00,5300000.00,Seed,5300000,16/01/2020
Flow Club,7,4420000.00,,Seed,,01/12/2011
Industry,620,5000000.00,2300000.00,Seed,2300000,24/10/2016
dataplor,41,1600000.00,6000000.00,Seed,4000000,28/07/2020
MarketerHire,270,2000000.00,5075000.00,Seed,3000000,30/10/2020
DiscoverCloud - Discover & Compare Business Software,15,2700000.00,1250000.00,Seed,1250000,21/07/2013
Cultivera,15,2400000.00,1000000.00,Seed,1000000,01/12/2016
Nektar.ai,31,1200000.00,16250000.00,Seed,8100000,09/08/2021
Hostfully,65,3300000.00,8500000.00,Seed,4000000,01/05/2022
Spiro.AI,35,2546000.00,9451369.00,Seed,2500000,05/06/2019
Revere Software,1,3600000.00,25000.00,Seed,25000,01/03/2015
HacWare,11,2400000.00,2300000.00,Seed,2300000,01/04/2022
Localize,21,4749000.00,2300000.00,Seed,1200000,03/11/2015
MindsDB,18,3000000.00,11600000.00,Seed,3000000,01/10/2021
Vendorful,13,1900000.00,4004008.00,Seed,3051008,27/11/2019
Gozio,51,5000000.00,3500000.00,Seed,1700000,11/03/2015
Lootcakes,11,1200000.00,2000000.00,Seed,2000000,20/08/2020
Vital Enterprises,8,1000000.00,2065000.00,Seed,1140000,05/02/2015
Trials.ai,6,1800000.00,1300000.00,Seed,1300000,01/10/2019
Cliently,18,1000000.00,1000000.00,Seed,1000000,30/04/2019
"Bexi, Inc.",23,2400000.00,300000.00,Seed,300000,16/10/2016
SportsRecruits,53,2000000.00,1750000.00,Seed,1250000,01/03/2015
Revelio Labs,42,4555000.00,4000000.00,Seed,4000000,29/07/2021
"WealthHub Solutions, Inc",15,1000000.00,9472297.00,Seed,1400000,18/11/2019
Clinician Nexus,39,5000000.00,2250000.00,Seed,1500000,18/12/2019
Trade Hounds,19,1500000.00,9741375.00,Seed,3200000,12/06/2020
Tenjin,35,5000000.00,2500000.00,Seed,2500000,04/06/2016
PTO Exchange,59,4300000.00,8400000.00,Seed,5400000,01/03/2022
Chameleon,67,2000000.00,1900000.00,Seed,1900000,21/04/2016
The.com,14,1000000.00,4400000.00,Seed,4400000,01/01/2022
Breinify,33,2500000.00,16611491.00,Seed,11000000,01/05/2021
Goodzer,11,3800000.00,2050000.00,Seed,1400000,14/10/2014
Vaultedge Software,25,1200000.00,,Seed,,01/12/2018
Included,13,1200000.00,12049998.00,Seed,3500000,01/05/2022
Spiro.AI,35,2546000.00,9451369.00,Seed,2500000,05/06/2019
Halp,15,2500000.00,3195000.00,Seed,2600000,05/04/2019
TriggerMesh,14,2800000.00,12970000.00,Seed,5000000,13/07/2021
"Savii, Inc",10,2765000.00,2177833.00,Seed,402523,18/12/2017
CarServ,23,2000000.00,1000000.00,Seed,1000000,26/09/2018
KlariVis,33,3900000.00,2500000.00,Seed,2500000,01/07/2020
twine,19,1200000.00,4700000.00,Seed,3300000,18/06/2021
Keyword Hero,9,2000000.00,100000.00,Seed,100000,01/01/2018
Eight,5,4200000.00,500000.00,Seed,500000,08/08/2016
"Switcher, Inc.",61,2500000.00,3400000.00,Seed,2400000,01/02/2021
Convert Group,78,3000000.00,1354374.00,Seed,1354374,06/03/2020
Hostfully,65,3300000.00,8500000.00,Seed,4000000,01/05/2022
Cohley,60,5000000.00,6500000.00,Seed,5000000,15/07/2021
AkitaBox,48,1000000.00,1150000.00,Seed,50000,24/05/2016
Mapistry,27,2000000.00,2520000.00,Seed,2500000,29/05/2018
impress.ai,96,4500000.00,4363409.00,Seed,3013409,12/05/2021
Prosodic,2,1400000.00,1400000.00,Seed,1400000,15/05/2012
Sigma Ratings,23,1100000.00,4555971.00,Seed,2400000,02/07/2018
Intelage,18,1100000.00,10841600.00,Seed,3500000,29/09/2020
Showdigs,30,1000000.00,10400000.00,Seed,7400000,01/02/2022
Transmute,19,3000000.00,4408642.00,Seed,2040000,21/10/2020
Gamesight,38,4090000.00,5600000.00,Seed,4300000,18/12/2015
"Heureka, Inc.",9,3000000.00,2900000.00,Seed,1800000,25/07/2017
Tettra,5,2000000.00,1570000.00,Seed,664000,25/05/2016
Conductrics INC,3,1000000.00,210000.00,Seed,210000,01/11/2012
Aggregage,30,1400000.00,1000000.00,Seed,1000000,05/11/2014
Tantiv4,25,3100000.00,700000.00,Seed,700000,07/06/2016
Zeplin,140,4387000.00,1320000.00,Seed,1200000,24/11/2015
back4app,12,2400000.00,770000.00,Seed,770000,01/06/2017
Flipcause,43,4700000.00,2828000.00,Seed,2828000,15/10/2018
Asksuite,110,4000000.00,711345.00,Seed,711345,01/08/2020
Camp Six,7,2000000.00,,Seed,,10/07/2018
ConverSight,51,3100000.00,9636798.00,Seed,4000000,01/01/2022
Hostfully,65,3300000.00,8500000.00,Seed,4000000,01/05/2022
3Data,12,2000000.00,1300000.00,Seed,1300000,01/08/2020
Samya.ai,35,2500000.00,6000000.00,Seed,6000000,20/01/2020
CourseStorm,19,1400000.00,1910000.00,Seed,1150000,11/02/2019
GMetriXR,16,3000000.00,600000.00,Seed,600000,01/12/2021
Localize,21,4749000.00,2300000.00,Seed,1200000,03/11/2015
Petasense,21,4000000.00,3634916.00,Seed,1800000,21/06/2017
Admiral: The Visitor Relationship Management Company,30,4000000.00,5100000.00,Seed,2600000,23/03/2019
AkitaBox,48,1000000.00,1150000.00,Seed,50000,24/05/2016
Seeloz,50,1000000.00,2450000.00,Seed,2450000,31/07/2014
mxHERO,18,4179000.00,1750000.00,Seed,500000,29/07/2014
SHOPTIQUES,18,3000000.00,4000000.00,Seed,2000000,04/10/2012
Goodzer,11,3800000.00,2050000.00,Seed,1400000,14/10/2014
"inno360, Inc.",6,3800000.00,371683.00,Seed,371683,03/04/2014
Chameleon,67,2000000.00,1900000.00,Seed,1900000,21/04/2016
Fountain9 (YC W21),41,1000000.00,1900000.00,Seed,1900000,01/07/2021
Kwant,40,5000000.00,3900000.00,Seed,3900000,01/03/2022
The.com,14,1000000.00,4400000.00,Seed,4400000,01/01/2022
AmigoCloud Inc.,8,2800000.00,771835.00,Seed,25000,14/07/2014
Pedagogy,41,4250000.00,400000.00,Seed,400000,30/04/2020
Vidora,20,3620000.00,2500000.00,Seed,2500000,01/12/2016
ripe.io,14,2400000.00,2400000.00,Seed,2400000,11/09/2018
Noteworth,20,1690000.00,7000000.00,Seed,5000000,15/07/2020
Intelage,18,1100000.00,10841600.00,Seed,3500000,29/09/2020
"Altinity, Inc.",35,3000000.00,4000000.00,Seed,4000000,01/10/2020
Pumpjack Dataworks,37,5000000.00,2300000.00,Seed,300000,02/10/2019
Revelio Labs,42,4555000.00,4000000.00,Seed,4000000,29/07/2021
Cardiomo,6,2000000.00,250000.00,Seed,100000,18/08/2020
testRigor,61,2000000.00,5100000.00,Seed,4100000,01/08/2021
Onboard.io - (YC W22) Customer Onboarding Software,10,1300000.00,1250000.00,Seed,1250000,17/02/2021
Happy Cabbage Analytics,14,3000000.00,1500000.00,Seed,1500000,07/10/2020
TrueDialog: Enterprise-Grade SMS Texting Platform,15,4181000.00,2000000.00,Seed,2000000,19/08/2011
Mode Mobile,88,4200000.00,1500000.00,Seed,1500000,15/07/2014
Quasar AI,8,2500000.00,3500000.00,Seed,2500000,01/02/2018
Evabot,52,3500000.00,300000.00,Seed,300000,24/04/2019
Tantiv4,25,3100000.00,700000.00,Seed,700000,07/06/2016
Second Front Systems,61,3000000.00,8100000.00,Seed,2100000,01/01/2021
"Storyvine, Inc.",18,5000000.00,,Seed,,01/02/2014
Mentor Spaces,16,3250000.00,4350000.00,Seed,2500000,29/07/2021
"NetBeez, Inc.",13,2000000.00,1365000.00,Seed,500000,16/11/2016
ForecastEra,55,3625000.00,8500000.00,Seed,4500000,01/10/2021
BuzzSumo,8,3200000.00,,Seed,,01/04/2014
WaystoCap (Acquired),24,3000000.00,3000000.00,Seed,3000000,15/06/2017
Fiskl,10,5000000.00,2450000.00,Seed,1150000,01/10/2020
Gozio,51,5000000.00,3500000.00,Seed,1700000,11/03/2015
Taloflow (YC W21),7,1000000.00,3994380.00,Seed,1489380,01/03/2021
DocStation,23,2000000.00,3430000.00,Seed,3100000,13/04/2021
"Partender - Bar Inventory, Ordering, and Accounting in 15 Minutes",16,3276000.00,2050000.00,Seed,2000000,17/03/2016
SHOPTIQUES,18,3000000.00,4000000.00,Seed,2000000,04/10/2012
"Patient Pattern, Inc",24,2400000.00,4090000.00,Seed,2000000,01/03/2022
"Amicus, Inc.",2,4420000.00,580000.00,Seed,580000,22/03/2012
Intentionet,15,4700000.00,3000000.00,Seed,3000000,19/05/2017
Markerly,8,1500000.00,1508352.00,Seed,800000,14/01/2014
Codeherent,3,1800000.00,803916.00,Seed,499688,01/07/2020
"Storyvine, Inc.",18,5000000.00,,Seed,,01/02/2014
Kitcast,6,4500000.00,500000.00,Seed,500000,13/07/2017
HigherMe,49,2000000.00,1620000.00,Seed,1500000,19/10/2016
Workast,4,1000000.00,1850000.00,Seed,1850000,15/02/2018
RackN,21,2000000.00,,Seed,,01/10/2016
Industry,620,5000000.00,2300000.00,Seed,2300000,24/10/2016
"Tapcentive, Inc.",9,3000000.00,1800000.00,Seed,300000,05/04/2019
Two,64,2000000.00,3031181.00,Seed,3031181,11/02/2021
Valid Network,22,1500000.00,8000000.00,Seed,6000000,14/07/2020
CloudSpot,8,2000000.00,400000.00,Seed,400000,16/12/2016
Pumpjack Dataworks,37,5000000.00,2300000.00,Seed,300000,02/10/2019
"FaceTec, Inc.",35,3300000.00,5000000.00,Seed,5000000,01/06/2013
Kapiche,30,2300000.00,2933555.00,Seed,1183555,04/09/2019
affable.ai,54,2000000.00,2748500.00,Seed,2000000,18/05/2021
Witlingo,12,4400000.00,100000.00,Seed,50000,01/12/2020
Marigold Health,34,2100000.00,7220000.00,Seed,6000000,01/01/2022
PropBidder,2,1000000.00,1500000.00,Seed,1000000,01/02/2022
Arcade,36,2400000.00,1500000.00,Seed,1500000,31/08/2018
Tuva,22,1000000.00,430000.00,Seed,430000,01/06/2014
Seeloz,50,1000000.00,2450000.00,Seed,2450000,31/07/2014
HomeZada,4,1000000.00,2300000.00,Seed,2100000,01/10/2014
Daycation,16,3500000.00,,Seed,,01/05/2018
ConverSight,51,3100000.00,9636798.00,Seed,4000000,01/01/2022
Tapru,2,4200000.00,60000.00,Seed,60000,01/01/2012
CellARide,7,2000000.00,315000.00,Seed,175000,28/06/2016
Homebase,160,3800000.00,500000.00,Seed,500000,20/07/2017
GridCure,9,2200000.00,95000.00,Seed,95000,15/08/2014
EyeLevel.ai,7,2000000.00,2000000.00,Seed,2000000,22/02/2019
Dropifi,2,2752000.00,50000.00,Seed,50000,15/05/2013
DeepSource,39,2500000.00,2740000.00,Seed,2600000,16/06/2020
JobzMall,10,4000000.00,1500000.00,Seed,1500000,18/01/2018
Placements.io,40,3000000.00,4900000.00,Seed,3800000,06/02/2018
STELLARES,10,2100000.00,3500000.00,Seed,3500000,23/10/2018
Archilogic,26,4100000.00,1500000.00,Seed,1500000,04/08/2015
Buzz Solutions,16,1000000.00,1200000.00,Seed,,23/07/2020
MarketerHire,270,2000000.00,5075000.00,Seed,3000000,30/10/2020
theMednet,24,1000000.00,1300000.00,Seed,1300000,01/07/2017
"Bitmo, Inc.",18,1000000.00,6000000.00,Seed,3000000,21/03/2019
Everysk Technologies,22,1000000.00,1300000.00,Seed,1300000,01/04/2020
Bid Ops,66,2000000.00,1750000.00,Seed,1750000,09/03/2019
"Novo Labs, Inc.",22,3000000.00,2000000.00,Seed,2000000,23/04/2019
InnerTrends,10,2500000.00,236515.00,Seed,150000,22/07/2019
"Switcher, Inc.",61,2500000.00,3400000.00,Seed,2400000,01/02/2021
VidGrid - The Leading Enterprise Video Platform,5,3000000.00,3000000.00,Seed,1500000,16/08/2017
testRigor,61,2000000.00,5100000.00,Seed,4100000,01/08/2021
"Backtracks, Inc.",7,2500000.00,2200000.00,Seed,2100000,30/05/2019
Disco,46,2000000.00,1700000.00,Seed,1700000,09/07/2016
Hatch Apps,9,3500000.00,3100000.00,Seed,300000,10/05/2018
"Intento, Inc.",69,2000000.00,4400000.00,Seed,3000000,01/06/2020
Cultivera,15,2400000.00,1000000.00,Seed,1000000,01/12/2016
Engagez,17,3000000.00,,Seed,,01/08/2021
PatientWing,16,2400000.00,300000.00,Seed,150000,22/03/2017
Evabot,52,3500000.00,300000.00,Seed,300000,24/04/2019
WaitTime,17,1900000.00,914286.00,Seed,914286,12/06/2017
3Data,12,2000000.00,1300000.00,Seed,1300000,01/08/2020
Cardiomo,6,2000000.00,250000.00,Seed,100000,18/08/2020
AmigoCloud Inc.,8,2800000.00,771835.00,Seed,25000,14/07/2014
Visage,36,2742000.00,2150000.00,Seed,2150000,18/06/2015
Bloq,41,4000000.00,250000.00,Seed,250000,01/09/2016
Mode Mobile,88,4200000.00,1500000.00,Seed,1500000,15/07/2014
theMednet,24,1000000.00,1300000.00,Seed,1300000,01/07/2017
Strategic Blue,48,2400000.00,158843.00,Seed,158843,25/10/2012
"WorkRails, Inc.",22,2000000.00,2300000.00,Seed,2300000,10/10/2016
Captiv8,180,4200000.00,2000000.00,Seed,2000000,20/04/2016
netBlazr,9,4084000.00,975000.00,Seed,300000,02/09/2015
Froogal.ai,35,3000000.00,1000000.00,Seed,1000000,03/12/2019
Reloadly,69,2100000.00,1523381.00,Seed,750000,01/10/2019
datacy,13,1700000.00,2400000.00,Seed,2400000,26/05/2021
Petasense,21,4000000.00,3634916.00,Seed,1800000,21/06/2017
Sixa,11,3000000.00,3941950.00,Seed,3500000,09/12/2016
Senso.ai,26,1000000.00,4117380.00,Seed,3000000,09/07/2020
Visbit Inc.,12,1000000.00,3200000.00,Seed,3200000,06/12/2016
Givebutter,52,4200000.00,7000000.00,Seed,7000000,01/06/2022
Vyrill,14,2000000.00,6849965.00,Seed,3000000,01/03/2022
Metazoa,9,2000000.00,2816129.00,Seed,200000,20/12/2019
Hoozip.com,2,2400000.00,250000.00,Seed,250000,29/08/2017
DocStation,23,2000000.00,3430000.00,Seed,3100000,13/04/2021
MarketerHire,270,2000000.00,5075000.00,Seed,3000000,30/10/2020
SightPlan,69,3500000.00,5550000.00,Seed,5000000,01/04/2019
"Switcher, Inc.",61,2500000.00,3400000.00,Seed,2400000,01/02/2021
MarketerHire,270,2000000.00,5075000.00,Seed,3000000,30/10/2020
RackN,21,2000000.00,,Seed,,01/10/2016
Wisy,20,4705000.00,900000.00,Seed,900000,01/08/2020
leapcure,31,4200000.00,125000.00,Seed,125000,09/09/2016
Ordoro,18,4200000.00,3144663.00,Seed,1500000,23/09/2015
Helm - Own your data,3,2000000.00,4000000.00,Seed,4000000,23/02/2017
Mamenta,28,4800000.00,250000.00,Seed,250000,27/04/2018
Cloud Dentistry,120,4000000.00,755000.00,Seed,755000,08/01/2019
Get on Board,32,1000000.00,600000.00,Seed,600000,01/02/2020
CloudForecast,5,1000000.00,180000.00,Seed,180000,01/06/2021
Sigma Ratings,23,1100000.00,4555971.00,Seed,2400000,02/07/2018
Searchify.com,2,2000000.00,1600000.00,Seed,1600000,18/04/2011
StreamLoan,15,4000000.00,2000000.00,Seed,2000000,14/02/2018
jobZology®,5,3363000.00,1050000.00,Seed,750000,07/03/2017
Outlaw,12,1000000.00,4000000.00,Seed,2000000,06/02/2019
"ShearShare, Inc.",19,2000000.00,2300000.00,Seed,2300000,09/11/2020
Smore,34,2859000.00,1700000.00,Seed,1700000,01/05/2014
rezora,15,2800000.00,18000.00,Seed,18000,01/08/2009
GovInvest,33,2000000.00,2172242.00,Seed,2172242,13/01/2017
Agency Spotter,12,4300000.00,530138.00,Seed,230000,07/01/2020
Undock,20,2000000.00,1700000.00,Seed,1600000,01/11/2020
APOZY,28,1400000.00,2200000.00,Seed,2200000,14/02/2019
AkitaBox,48,1000000.00,1150000.00,Seed,50000,24/05/2016
MachEye,17,1212000.00,9200000.00,Seed,4600000,01/10/2020
Sosivio,24,1200000.00,4000000.00,Seed,4000000,01/05/2021
Epoch,23,1000000.00,3600000.00,Seed,3600000,01/02/2022
Zeplin,140,4387000.00,1320000.00,Seed,1200000,24/11/2015
"ServusConnect, Inc.",9,2499000.00,400000.00,Seed,50000,22/12/2017
Vyrill,14,2000000.00,6849965.00,Seed,3000000,01/03/2022
Elastisys,39,4500000.00,679613.00,Seed,679613,22/02/2017
back4app,12,2400000.00,770000.00,Seed,770000,01/06/2017
Slab,40,1050000.00,2200000.00,Seed,2200000,06/02/2018
Obviously AI,14,4100000.00,8400000.00,Seed,1100000,01/07/2021
Admiral: The Visitor Relationship Management Company,30,4000000.00,5100000.00,Seed,2600000,23/03/2019
Insurdata,8,2000000.00,4800000.00,Seed,3000000,15/04/2019
8base,53,4500000.00,15258976.00,Seed,10600000,01/04/2022
UpLink,22,1000000.00,3000000.00,Seed,3000000,10/12/2019
ripe.io,14,2400000.00,2400000.00,Seed,2400000,11/09/2018
wappier,91,2500000.00,4000000.00,Seed,4000000,14/11/2019
IronCore Labs,11,3000000.00,3700000.00,Seed,1500000,28/06/2018
Spiro.AI,35,2546000.00,9451369.00,Seed,2500000,05/06/2019
Givebutter,52,4200000.00,7000000.00,Seed,7000000,01/06/2022
Bloq,41,4000000.00,250000.00,Seed,250000,01/09/2016
Hiatus,26,4200000.00,1200000.00,Seed,1200000,23/02/2017
IMAJION,9,2400000.00,1374926.00,Seed,1200000,20/09/2017
HomeZada,4,1000000.00,2300000.00,Seed,2100000,01/10/2014
Second Front Systems,61,3000000.00,8100000.00,Seed,2100000,01/01/2021
Agency Spotter,12,4300000.00,530138.00,Seed,230000,07/01/2020
Rhithm,47,2000000.00,4000000.00,Seed,4000000,25/05/2021
KlariVis,33,3900000.00,2500000.00,Seed,2500000,01/07/2020
CleverMiles,1,1400000.00,20144.00,Seed,20144,26/02/2012
WaitTime,17,1900000.00,914286.00,Seed,914286,12/06/2017
PatientWing,16,2400000.00,300000.00,Seed,150000,22/03/2017
Botanalytics,4,1300000.00,693159.00,Seed,301756,28/05/2017
Ecomedes,18,4000000.00,5950000.00,Seed,3250000,04/03/2021
Spiketrap,23,3000000.00,6655000.00,Seed,3000000,01/07/2020
Bedrock Ocean Exploration,30,1000000.00,12384997.00,Seed,8000000,11/03/2021
Kronologic,27,3000000.00,36137050.00,Seed,20000000,01/08/2021
Selequity,16,2000000.00,1180000.00,Seed,590000,22/02/2017
Forelinx,5,2591000.00,210001.00,Seed,150000,22/09/2015
SightPlan,69,3500000.00,5550000.00,Seed,5000000,01/04/2019
Stampede,21,2400000.00,1926313.00,Seed,643363,12/11/2019
Fountain9 (YC W21),41,1000000.00,1900000.00,Seed,1900000,01/07/2021
Everysk Technologies,22,1000000.00,1300000.00,Seed,1300000,01/04/2020
CloudCannon,21,2482000.00,1033368.00,Seed,518401,20/10/2014
ClinCapture,29,5000000.00,1500000.00,Seed,,01/10/2018
Major League Hacking,220,1300000.00,1000000.00,Seed,1000000,30/03/2016
Hubly Inc,20,3300000.00,2300000.00,Seed,1300000,01/12/2021
Cien.ai,14,1500000.00,10864443.00,Seed,3500000,01/06/2019
ThisWay Global,18,4000000.00,2082519.00,Seed,2082519,27/09/2016
GitStart | For companies (YC S19),32,1800000.00,5150000.00,Seed,5000000,01/05/2022
Datatron,15,4200000.00,2700000.00,Seed,2700000,24/07/2017
Transmute,19,3000000.00,4408642.00,Seed,2040000,21/10/2020
Saikou Optics Inc,3,1483000.00,837460.00,Seed,343090,04/05/2016
musx,7,4532000.00,500000.00,Seed,500000,10/12/2014
FuzeUs Inc.,1,3604000.00,271000.00,Seed,271000,01/04/2014
CourseStorm,19,1400000.00,1910000.00,Seed,1150000,11/02/2019
Mentor Spaces,16,3250000.00,4350000.00,Seed,2500000,29/07/2021
Allstacks,39,2200000.00,8820000.00,Seed,4000000,01/07/2021
Athlete Network,63,1200000.00,2000000.00,Seed,2000000,01/08/2016
FREEMO,3,4200000.00,690126.00,Seed,690126,04/05/2016
Dyte,44,2000000.00,15320826.00,Seed,11600000,01/04/2022
Captiv8,180,4200000.00,2000000.00,Seed,2000000,20/04/2016
Finchloom,26,1400000.00,150000.00,Seed,150000,05/04/2016
Wisy,20,4705000.00,900000.00,Seed,900000,01/08/2020
Enwoven,17,2804000.00,2000000.00,Seed,,01/03/2016
Retrium,21,2100000.00,2600000.00,Seed,1600000,30/05/2019
Gozio,51,5000000.00,3500000.00,Seed,1700000,11/03/2015
LeadFerret,11,2200000.00,250000.00,Seed,250000,06/11/2014
Tantiv4,25,3100000.00,700000.00,Seed,700000,07/06/2016
Second Front Systems,61,3000000.00,8100000.00,Seed,2100000,01/01/2021
Range,31,1200000.00,10785000.00,Seed,6000000,13/02/2020
Warply,21,3478000.00,500000.00,Seed,500000,23/02/2013
Optellum,39,1200000.00,1251766.00,Seed,1251766,15/07/2019
frevvo Inc.,16,3082000.00,500000.00,Seed,500000,01/01/2008
TrakStream Inc,2,2000000.00,15000.00,Seed,15000,01/01/2015
"NetBeez, Inc.",13,2000000.00,1365000.00,Seed,500000,16/11/2016
frevvo Inc.,16,3082000.00,500000.00,Seed,500000,01/01/2008
Ovation,39,1500000.00,1000000.00,Seed,1000000,12/08/2019
Dashbot,11,1000000.00,9280007.00,Seed,3000000,03/01/2019
Caretaker,64,1722000.00,3400000.00,Seed,2200000,27/06/2017
Fishbowl,99,3000000.00,5300000.00,Seed,5300000,16/01/2020
upSWOT,110,1000000.00,4300000.00,Seed,4300000,15/03/2021
LemonBox,25,1500000.00,4650000.00,Seed,2500000,04/12/2020
upSWOT,110,1000000.00,4300000.00,Seed,4300000,15/03/2021
"Tapcentive, Inc.",9,3000000.00,1800000.00,Seed,300000,05/04/2019
"Bexi, Inc.",23,2400000.00,300000.00,Seed,300000,16/10/2016
Mindesk,8,4600000.00,852661.00,Seed,120000,12/03/2019
Agency Spotter,12,4300000.00,530138.00,Seed,230000,07/01/2020
"Pogoseat, Inc.",8,1000000.00,4800000.00,Seed,2500000,28/07/2014
DeepSource,39,2500000.00,2740000.00,Seed,2600000,16/06/2020
PropBidder,2,1000000.00,1500000.00,Seed,1000000,01/02/2022
Comeet,110,5000000.00,1670000.00,Seed,470000,27/06/2016
Mapistry,27,2000000.00,2520000.00,Seed,2500000,29/05/2018
Supreme Golf,24,1245000.00,7787500.00,Seed,6000000,08/05/2018
frevvo Inc.,16,3082000.00,500000.00,Seed,500000,01/01/2008
Major League Hacking,220,1300000.00,1000000.00,Seed,1000000,30/03/2016
Seva,14,1100000.00,2400000.00,Seed,2400000,18/10/2018
Vendorful,13,1900000.00,4004008.00,Seed,3051008,27/11/2019
Tenjin,35,5000000.00,2500000.00,Seed,2500000,04/06/2016
Admiral: The Visitor Relationship Management Company,30,4000000.00,5100000.00,Seed,2600000,23/03/2019
Level Frames,3,2400000.00,,Seed,,15/03/2015
Learning Machine,2,2200000.00,3000000.00,Seed,3000000,07/05/2018
Workast,4,1000000.00,1850000.00,Seed,1850000,15/02/2018
Captiv8,180,4200000.00,2000000.00,Seed,2000000,20/04/2016
Hydrosat,33,1900000.00,19158006.00,Seed,10000000,01/11/2021
Pixilated,9,1000000.00,500000.00,Seed,500000,15/03/2017
ActivityHero,16,3000000.00,4045787.00,Seed,2200000,03/09/2014
GitStart | For companies (YC S19),32,1800000.00,5150000.00,Seed,5000000,01/05/2022
Sosivio,24,1200000.00,4000000.00,Seed,4000000,01/05/2021
Referral Rock Inc,22,4400000.00,1020000.00,Seed,1000000,01/10/2012
UpLink,22,1000000.00,3000000.00,Seed,3000000,10/12/2019
Workast,4,1000000.00,1850000.00,Seed,1850000,15/02/2018
Addicaid,2,5000000.00,290000.00,Seed,290000,05/10/2017
Oncobox,5,2400000.00,120000.00,Seed,120000,01/08/2017
Breinify,33,2500000.00,16611491.00,Seed,11000000,01/05/2021
Cien.ai,14,1500000.00,10864443.00,Seed,3500000,01/06/2019
Accountable HQ,8,2400000.00,,Seed,,01/08/2014
Ubiq Security,26,2300000.00,8400000.00,Seed,6400000,19/11/2020
Blue Sentry Cloud,59,2595000.00,300000.00,Seed,300000,31/05/2016
Wake,12,3000000.00,3800000.00,Seed,3800000,18/08/2015
Yorso,7,3900000.00,,Seed,,01/06/2018
Huckabuy,14,2000000.00,4300000.00,Seed,2300000,04/02/2020
Realquantum,18,2100000.00,850000.00,Seed,850000,29/11/2018
FiComm Partners,16,1000000.00,300000.00,Seed,300000,02/09/2018
"Moback, Inc.",45,2000000.00,500000.00,Seed,500000,27/10/2016
Onboard.io - (YC W22) Customer Onboarding Software,10,1300000.00,1250000.00,Seed,1250000,17/02/2021
ConceptDrop,7,4000000.00,1250000.00,Seed,1100000,20/05/2016
StreamLoan,15,4000000.00,2000000.00,Seed,2000000,14/02/2018
Internxt,17,4230000.00,2075642.00,Seed,1000000,17/06/2021
Lootcakes,11,1200000.00,2000000.00,Seed,2000000,20/08/2020
theMednet,24,1000000.00,1300000.00,Seed,1300000,01/07/2017
Included,13,1200000.00,12049998.00,Seed,3500000,01/05/2022
twine,19,1200000.00,4700000.00,Seed,3300000,18/06/2021
Sourcely,4,5000000.00,4695000.00,Seed,4500000,12/09/2018
"Ve-Go Technologies, Inc.",1,2400000.00,1000000.00,Seed,1000000,16/09/2015
UtilizeCore.com,82,4000000.00,5300000.00,Seed,5300000,15/06/2021
Cake (joincake.com),29,2000000.00,8395067.00,Seed,3700000,21/07/2021
Visbit Inc.,12,1000000.00,3200000.00,Seed,3200000,06/12/2016
"Digible, Inc",51,1000000.00,250000.00,Seed,250000,10/04/2018
Noteworth,20,1690000.00,7000000.00,Seed,5000000,15/07/2020
Daycation,16,3500000.00,,Seed,,01/05/2018
rezora,15,2800000.00,18000.00,Seed,18000,01/08/2009
DocDep,190,5000000.00,,Seed,,01/08/2011
Rollio AI,16,2000000.00,670000.00,Seed,670000,01/03/2015
Indicio,40,1000000.00,3500000.00,Seed,3500000,01/01/2022
ActivityHero,16,3000000.00,4045787.00,Seed,2200000,03/09/2014
Fishbowl,99,3000000.00,5300000.00,Seed,5300000,16/01/2020
MightySignal,3,1000000.00,1320000.00,Seed,1200000,03/02/2015
Conductrics INC,3,1000000.00,210000.00,Seed,210000,01/11/2012
"Patient Pattern, Inc",24,2400000.00,4090000.00,Seed,2000000,01/03/2022
Kitcast,6,4500000.00,500000.00,Seed,500000,13/07/2017
Rootly,9,1000000.00,3200000.00,Seed,3200000,08/07/2021
Spiketrap,23,3000000.00,6655000.00,Seed,3000000,01/07/2020
Ovation,39,1500000.00,1000000.00,Seed,1000000,12/08/2019
Major League Hacking,220,1300000.00,1000000.00,Seed,1000000,30/03/2016
"Digible, Inc",51,1000000.00,250000.00,Seed,250000,10/04/2018
CollegePads.com,14,1200000.00,1450000.00,Seed,1000000,16/09/2016
Form.io,14,1800000.00,1156500.00,Seed,500000,19/07/2016
Onepager,2,4139000.00,350000.00,Seed,350000,01/10/2011
Vevolution,12,4512000.00,330000.00,Seed,330000,01/03/2022
Get on Board,32,1000000.00,600000.00,Seed,600000,01/02/2020
Swit,110,3100000.00,13276000.00,Seed,5000000,27/10/2020
chiefofstaff.com,14,2000000.00,293000.00,Seed,293000,12/02/2020
Happy Cabbage Analytics,14,3000000.00,1500000.00,Seed,1500000,07/10/2020
Markerly,8,1500000.00,1508352.00,Seed,800000,14/01/2014
Form.io,14,1800000.00,1156500.00,Seed,500000,19/07/2016
Trade Hounds,19,1500000.00,9741375.00,Seed,3200000,12/06/2020
MachEye,17,1212000.00,9200000.00,Seed,4600000,01/10/2020
Rukuku,5,2400000.00,382206.00,Seed,382206,24/07/2013
Harmonize,21,1100000.00,,Seed,,01/03/2018
Indicio,40,1000000.00,3500000.00,Seed,3500000,01/01/2022
Visage,36,2742000.00,2150000.00,Seed,2150000,18/06/2015
KlariVis,33,3900000.00,2500000.00,Seed,2500000,01/07/2020
FiComm Partners,16,1000000.00,300000.00,Seed,300000,02/09/2018
ConferenceCast.tv,8,2000000.00,130000.00,Seed,130000,08/02/2019
Everywear,14,1000000.00,200000.00,Seed,100000,22/10/2017
Xapix,19,2500000.00,2000000.00,Seed,2000000,08/03/2019
Tuebora Inc,34,4000000.00,,Seed,,14/05/2013
Vidora,20,3620000.00,2500000.00,Seed,2500000,01/12/2016
Spatial.ai,6,2000000.00,2100000.00,Seed,2100000,12/12/2016
Paperflite,61,2400000.00,400000.00,Seed,400000,24/01/2018
RackN,21,2000000.00,,Seed,,01/10/2016
Gearflow.com,23,1000000.00,6700000.00,Seed,3000000,29/06/2021
"Backtracks, Inc.",7,2500000.00,2200000.00,Seed,2100000,30/05/2019
Selequity,16,2000000.00,1180000.00,Seed,590000,22/02/2017
dotin Inc.,27,3500000.00,,Seed,,01/04/2020
Gearflow.com,23,1000000.00,6700000.00,Seed,3000000,29/06/2021
Tuva,22,1000000.00,430000.00,Seed,430000,01/06/2014
Zirtue,12,3100000.00,7600000.00,Seed,2500000,01/04/2021
Joincube,4,2390000.00,640000.00,Seed,500000,01/12/2013
Realquantum,18,2100000.00,850000.00,Seed,850000,29/11/2018
"Deep BI, Inc.",23,3200000.00,1300000.00,Seed,1300000,01/05/2018
mxHERO,18,4179000.00,1750000.00,Seed,500000,29/07/2014
Tierra Biosciences,18,3000000.00,2600000.00,Seed,2600000,11/09/2018
Pangea.app,140,2100000.00,2987500.00,Seed,2000000,29/07/2021
"Numly™, Inc.",27,2000000.00,,Seed,,01/01/2021
Epoch,23,1000000.00,3600000.00,Seed,3600000,01/02/2022
Altoura,40,2900000.00,1100000.00,Seed,1100000,06/09/2019
Spiketrap,23,3000000.00,6655000.00,Seed,3000000,01/07/2020
Ryvit,38,1500000.00,3500000.00,Seed,3500000,22/10/2019
Bainbridge Health,12,2000000.00,4150000.00,Seed,1600000,15/06/2018
Upkey,190,2000000.00,2600000.00,Seed,2600000,01/02/2021
BoxFox,2,4200000.00,1054000.00,Seed,1000000,30/03/2016
Smartria®,23,2100000.00,375000.00,Seed,100000,15/09/2017
Second Front Systems,61,3000000.00,8100000.00,Seed,2100000,01/01/2021
Identify3D,10,1000000.00,6709993.00,Seed,3250000,09/03/2017
UtilizeCore.com,82,4000000.00,5300000.00,Seed,5300000,15/06/2021
Fulfil.IO,52,2869000.00,,Seed,,01/07/2016
Ecomedes,18,4000000.00,5950000.00,Seed,3250000,04/03/2021
Tierra Biosciences,18,3000000.00,2600000.00,Seed,2600000,11/09/2018
"ShearShare, Inc.",19,2000000.00,2300000.00,Seed,2300000,09/11/2020
Homebase,160,3800000.00,500000.00,Seed,500000,20/07/2017
Monogoto,31,2600000.00,11000000.00,Seed,11000000,09/06/2021
Dispatchr,2,4200000.00,150000.00,Seed,150000,22/07/2019
SpotDraft,130,1000000.00,2050000.00,Seed,1500000,21/02/2019
"ServusConnect, Inc.",9,2499000.00,400000.00,Seed,50000,22/12/2017
"ServusConnect, Inc.",9,2499000.00,400000.00,Seed,50000,22/12/2017
HoneyComb,5,4420000.00,415870.00,Seed,290870,07/10/2014
Petasense,21,4000000.00,3634916.00,Seed,1800000,21/06/2017
Padlet,39,1000000.00,3000000.00,Seed,1700000,18/09/2015
Obviously AI,14,4100000.00,8400000.00,Seed,1100000,01/07/2021
MindsDB,18,3000000.00,11600000.00,Seed,3000000,01/10/2021
Wishup.co,250,2000000.00,2000000.00,Seed,1000000,16/08/2021
testRigor,61,2000000.00,5100000.00,Seed,4100000,01/08/2021
Zeplin,140,4387000.00,1320000.00,Seed,1200000,24/11/2015
Nomad Go,9,1500000.00,2732863.00,Seed,2732863,12/09/2019
Undock,20,2000000.00,1700000.00,Seed,1600000,01/11/2020
OpenTransact (fka Zipmark),5,2300000.00,6134723.00,Seed,1500000,01/08/2013
Tettra,5,2000000.00,1570000.00,Seed,664000,25/05/2016
Preteckt,33,3000000.00,6730345.00,Seed,1700000,01/02/2020
RentHub,3,2400000.00,20000.00,Seed,20000,01/09/2011
"Moback, Inc.",45,2000000.00,500000.00,Seed,500000,27/10/2016
HASH,22,1000000.00,2500000.00,Seed,2500000,01/06/2020
Identify3D,10,1000000.00,6709993.00,Seed,3250000,09/03/2017
Worksuite (formerly Shortlist),52,3000000.00,5450000.00,Seed,3700000,06/06/2017
Pangea.app,140,2100000.00,2987500.00,Seed,2000000,29/07/2021
"Metric Insights, Inc.",17,3958000.00,6057036.00,Seed,1650000,04/03/2015
"Switcher, Inc.",61,2500000.00,3400000.00,Seed,2400000,01/02/2021
Opolis,31,3200000.00,5000000.00,Seed,5000000,01/04/2021
Ubiq Security,26,2300000.00,8400000.00,Seed,6400000,19/11/2020
ByondXR,44,4800000.00,7000000.00,Seed,7000000,11/08/2021
Bainbridge Health,12,2000000.00,4150000.00,Seed,1600000,15/06/2018
chiefofstaff.com,14,2000000.00,293000.00,Seed,293000,12/02/2020
KYKLO,49,2230000.00,12239998.00,Seed,8500000,13/11/2020
PatientWing,16,2400000.00,300000.00,Seed,150000,22/03/2017
Byteflies,37,1000000.00,1105827.00,Seed,1105827,01/11/2016
Roomeze,9,3200000.00,2000000.00,Seed,2000000,22/05/2018
Metrobi,35,2800000.00,2328796.00,Seed,2328796,01/07/2021
Zirtue,12,3100000.00,7600000.00,Seed,2500000,01/04/2021
